freqset,support
{14},0.7167167167167167
{18},0.7050383717050384
