freqset,support
{1},0.5198531865198532
{6},0.5275275275275275
{14},0.7167167167167167
{16},0.5131798465131798
{18},0.7050383717050384
{19},0.5395395395395396
{26},0.4124124124124124
{30},0.5632298965632299
{32},0.4127460794127461
{34},0.6406406406406406
{48},0.4788121454788121
{14 18},0.5271938605271939
{14 30},0.42108775442108776
{14 34},0.47480814147480815
{18 34},0.46646646646646645
